Use Project_Trans;
go

INSERT INTO Truck (PLATE, MODEL_B, MAX_TRUCK_WEIGHT_F1, MAX_WEIGHT_F3, TRUCK_WEIGHT_G, CATEGORY_J, POWER_KW_Q)
VALUES
('HGF165', 'Mercedes Actros', 18000, 20000, 8000, 'C', 450),
('KKL664', 'Volvo FH', 20000, 22000, 9000, 'C', 500),
('GND422', 'Scania R450', 18000, 20000, 8500, 'C', 460),
('FDE327', 'MAN TGX', 20000, 22000, 9200, 'C', 480),
('IKO-120', 'MAN TGL 12t', 12000, 12000, 7500, 'C', 150),
('EVG234', 'Volvo FH', 20000, 22000, 9000, 'C', 500),
('HBJ345', 'Mercedes Actros', 18000, 20000, 8500, 'C', 460),
('KSM456', 'Scania R450', 18000, 20000, 8300, 'C', 450),
('NAP567', 'MAN TGX', 20000, 22000, 9100, 'C', 480),
('SIS678', 'DAF XF', 20000, 22000, 9000, 'C', 470),
('TUV789', 'Iveco Stralis', 18000, 20000, 8200, 'C', 430),
('KHY890', 'Mercedes Antos', 16000, 18000, 7600, 'C', 400),
('DEB901', 'MAN TGL 12t', 12000, 12000, 7500, 'C', 150),
('CJE012', 'Volvo FM', 18000, 20000, 8000, 'C', 440),
('FKH123', 'Renault T', 18000, 20000, 8400, 'C', 450);


INSERT INTO Trailer (PLATE, MODEL_B, MAX_TRAILER_WEIGHT_F1, TRAILER_WEIGHT_G, CATEGORY_J, REMARKS)
VALUES
('WTR123', 'Schmitz Cargobull', 25000, 7000, 'O', 'Standard 13.6m'),
('XTR456', 'Krone', 27000, 7200, 'O', 'Standard'),
('XTR719', 'Kögel', 26000, 7100, 'O', 'Standard'),
('VTR321', 'Schmitz Cargobull', 28000, 7300, 'O', 'Standard'),
('XZTR654', 'Krone', 25000, 7000, 'O', 'Standard'),
('VTR234', 'Schmitz Cargobull', 25000, 7000, 'O', 'Standard 13.6m'),
('VTR345', 'Krone', 27000, 7200, 'O', 'Standard'),
('WTR456', 'Kögel', 26000, 7100, 'O', 'Standard'),
('VTR567', 'Schmitz Cargobull', 28000, 7300, 'O', 'Standard'),
('XTR678', 'Krone', 25000, 7000, 'O', 'Standard'),
('XTR789', 'Kögel', 27000, 7200, 'O', 'Standard'),
('XTR890', 'Schmitz Cargobull', 26000, 7100, 'O', 'Standard'),
('ZTR901', 'Kögel', 25000, 7000, 'O', 'Standard'),
('ZTR012', 'Krone', 28000, 7300, 'O', 'Standard'),
('ZTR123', 'Schmitz Cargobull', 26000, 7100, 'O', 'Standard');




INSERT INTO Locations (Country, City, ZIP, Address, Remarks)
VALUES
('Austria', 'Vienna', '1100', 'Favoritenstrasse 10', ''),
('Austria', 'Graz', '8010', 'Hauptplatz 5', ''),
('Austria', 'Vienna 2', '1020', 'Praterstrasse 5', ''),
('Austria', 'Innsbruck', '6020', 'Maria-Theresien-Strasse 12', ''),
('Belgium', 'Brussels', '1000', 'Rue de la Loi 50', ''),
('Belgium', 'Antwerp', '2000', 'Meir 30', ''),
('Belgium', 'Ghent', '9000', 'Korenmarkt 15', ''),
('Belgium', 'Leuven', '3000', 'Bondgenotenlaan 5', ''),
('Czech Republic', 'Prague', '11000', 'Na Prikope 12', ''),
('Czech Republic', 'Brno', '60200', 'Masarykova 20', ''),
('Denmark', 'Copenhagen', '1050', 'Stroget 20', ''),
('Denmark', 'Copenhagen', '1165', 'Nyhavn 8', ''),
('Denmark', 'Aarhus', '8000', 'Store Torv 10', ''),
('Denmark', 'Copenhagen', '1166', 'Stroget 15', ''),
('Denmark', 'Aarhus', '8001', 'Store Torv 12', ''),
('Estonia', 'Tallinn', '10115', 'Viru 5', ''),
('Finland', 'Helsinki', '00100', 'Aleksanterinkatu 20', ''),
('Finland', 'Helsinki', '00120', 'Mannerheimintie 15', ''),
('Finland', 'Turku', '20100', 'Aurakatu 20', ''),
('Finland', 'Helsinki', '00140', 'Esplanadi 10', ''),
('Finland', 'Turku', '20101', 'Aurakatu 25', ''),
('France', 'Lyon', '69001', 'Rue de la Republique 1', ''),
('France', 'Paris', '75001', 'Rue Saint-Honore 10', ''),
('France', 'Nice', '06000', 'Promenade des Anglais 12', ''),
('France', 'Marseille', '13001', 'Rue Saint-Ferreol 10', ''),
('France', 'Bordeaux', '33000', 'Cours de l''Intendance 1', ''),
('France', 'Lille', '59000', 'Rue Faidherbe 10', ''),
('Germany', 'Munich', '80331', 'Marienplatz 1', ''),
('Germany', 'Frankfurt', '60311', 'Zeil 12', ''),
('Germany', 'Hamburg', '20095', 'Reeperbahn 50', ''),
('Germany', 'Berlin', '10117', 'Unter den Linden 8', ''),
('Germany', 'Hannover', '30159', 'Kroepcke 7', ''),
('Germany', 'Cologne', '50667', 'Hohe Strasse 25', ''),
('Germany', 'Rosenheim', '83022', 'Max Josefs Platz 5', ''),
('Hungary', 'Budapest', '1117', 'Kelenfoldi ut 12', ''),
('Hungary', 'Debrecen', '4024', 'Piac utca 1', ''),
('Hungary', 'Szeged', '6720', 'Kossuth Lajos sgt. 12', ''),
('Hungary', 'Pecs', '7630', 'Szechenyi ter 3', ''),
('Hungary', 'Gyor', '9021', 'Baross Gabor ut 5', ''),
('Hungary', 'Miskolc', '3525', 'Szinvapark 7', ''),
('Hungary', 'Nyiregyhaza', '4400', 'Kossuth ter 4', ''),
('Hungary', 'Kecskemet', '6000', 'Rakoczi ut 10', ''),
('Hungary', 'Szekesfehervar', '8000', 'Fo utca 8', ''),
('Hungary', 'Eger', '3300', 'Dobo ter 1', ''),
('Hungary', 'Szombathely', '9700', 'Kossuth Lajos utca 2', ''),
('Hungary', 'Veszprem', '8200', 'Ovaros ter 3', ''),
('Hungary', 'Zalaegerszeg', '8900', 'Erzsebet ter 5', ''),
('Hungary', 'Sopron', '9400', 'Fo ter 6', ''),
('Hungary', 'Kaposvar', '7400', 'Fo utca 12', ''),
('Hungary', 'Tatabanya', '2800', 'Fo ter 3', ''),
('Hungary', 'Bekescsaba', '5600', 'Szechenyi ter 4', ''),
('Hungary', 'Szolnok', '5000', 'Kossuth ter 7', ''),
('Hungary', 'Dunaujvaros', '2400', 'Vasmu ut 2', ''),
('Hungary', 'Erd', '2030', 'Fo utca 5', ''),
('Hungary', 'Szigetszentmiklos', '2310', 'Fo ut 10', ''),
('Hungary', 'Vac', '2600', 'Duna utca 3', ''),
('Hungary', 'Godollo', '2100', 'Kiralyi ut 1', ''),
('Hungary', 'Mosonmagyarovar', '9200', 'Fo ter 2', ''),
('Hungary', 'Balatonfured', '8230', 'Vitorlas utca 4', ''),
('Hungary', 'Hajduszoboszlo', '4200', 'Gyogyfurdo utca 7', ''),
('Ireland', 'Dublin', '1', 'O''Connell Street 5', ''),
('Ireland', 'Dublin', '2', 'Grafton Street 10', ''),
('Ireland', 'Cork', '1', 'Patrick Street 12', ''),
('Ireland', 'Dublin', '3', 'O''Connell Street 15', ''),
('Ireland', 'Cork', '2', 'Patrick Street 20', ''),
('Italy', 'Milan', '20121', 'Via Dante 5', ''),
('Italy', 'Naples', '80133', 'Via Toledo 45', ''),
('Italy', 'Bologna', '40121', 'Via Zamboni 33', ''),
('Italy', 'Turin', '10121', 'Via Roma 50', ''),
('Italy', 'Florence', '50123', 'Piazza della Signoria 1', ''),
('Italy', 'Genoa', '16121', 'Via XX Settembre 8', ''),
('Italy', 'Bari', '70121', 'Via Sparano da Bari 10', ''),
('Latvia', 'Riga', '1050', 'Brivibas iela 10', ''),
('Lithuania', 'Vilnius', '01100', 'Gedimino pr. 20', ''),
('Netherlands', 'Amsterdam', '1012', 'Damrak 20', ''),
('Netherlands', 'Rotterdam', '3011', 'Willemskade 80', ''),
('Norway', 'Oslo', '0150', 'Karl Johans gate 1', ''),
('Norway', 'Oslo', '0161', 'Karl Johans gate 20', ''),
('Norway', 'Bergen', '5003', 'Bryggen 10', ''),
('Norway', 'Oslo 3', '0152', 'Karl Johans gate 25', ''),
('Norway', 'Trondheim', '7011', 'Nordre gate 5', ''),
('Poland', 'Warsaw', '00-001', 'Marszalkowska 10', ''),
('Poland', 'Krakow', '30-001', 'Florianska 5', ''),
('Portugal', 'Lisbon', '1100', 'Rua Augusta 50', ''),
('Portugal', 'Lisbon', '1100', 'Avenida da Liberdade 30', ''),
('Portugal', 'Porto', '4000', 'Rua de Santa Catarina 50', ''),
('Portugal', 'Lisbon', '1101', 'Rua do Ouro 5', ''),
('Portugal', 'Porto', '4001', 'Rua das Flores 15', ''),
('Slovakia', 'Bratislava', '81101', 'Hlavne namestie 1', ''),
('Slovakia', 'Kosice', '04001', 'Hlavna 15', ''),
('Spain', 'Barcelona', '8001', 'Passeig de Gracia 10', ''),
('Spain', 'Madrid', '28013', 'Gran Via 15', ''),
('Spain', 'Valencia', '46001', 'Plaza del Ayuntamiento 3', ''),
('Spain', 'Seville', '41001', 'Calle Sierpes 8', ''),
('Spain', 'Malaga', '29001', 'Calle Larios 5', ''),
('Spain', 'Valencia', '46002', 'Plaza Ayuntamiento 10', ''),
('Sweden', 'Stockholm', '11122', 'Drottninggatan 15', ''),
('Sweden', 'Gothenburg', '41104', 'Avenyn 12', ''),
('Sweden', 'Malmo', '21120', 'Stortorget 5', ''),
('Sweden', 'Stockholm', '11123', 'Kungsgatan 25', ''),
('Sweden', 'Gothenburg', '41105', 'Kungstorget 10', ''),
('Sweden', 'Stockholm ', '11124', 'Drottninggatan 20', ''),
('Sweden', 'Gothenburg', '41106', 'Kungstorget 12', ''),
('Switzerland', 'Zurich', '8001', 'Bahnhofstrasse 12', ''),
('Switzerland', 'Zurich', '8002', 'Bahnhofquai 10', ''),
('Switzerland', 'Geneva', '1201', 'Rue du Rhone 25', ''),
('UK', 'London', 'SW1A 1AA', 'Whitehall 10', ''),
('UK', 'Edinburgh', 'EH1 2NG', 'Royal Mile 15', ''),
('UK', 'London', 'EC1A 1BB', 'Fleet Street 20', ''),
('UK', 'Manchester', 'M1 2AB', 'Deansgate 5', ''),
('UK', 'Edinburgh', 'EH2 3AA', 'Princes Street 5', ''),
('UK', 'Glasgow', 'G1 2AA', 'George Square 10', '');




INSERT INTO Company_Data (Location_ID, Company_Name, Tax_Number, Bank_Account_Number, Remarks)
VALUES
(1, 'Vienna Pallet Services GmbH', 'AT87654321', 'AT12 3456 7890 1234 5678', 'Distribution Center'),
(2, 'Graz Warehousing GmbH', 'AT23459876', 'AT23 4598 7612 3456 78', 'Factory'),
(3, 'Vienna  Cargo GmbH', 'AT34567812', 'AT34 5678 9012 3456 78', 'Warehouse'),
(4, 'Innsbruck Pallet GmbH', 'AT67890123', 'AT67 8901 2345 6789 01', 'Distribution Center'),
(5, 'Brussels Storage NV', 'BE34567890', 'BE12 3456 7890 1234', 'Cold Storage'),
(6, 'Antwerp Pallet NV', 'BE23459876', 'BE23 4598 7612 3456', 'Distribution Center'),
(7, 'Ghent Logistics NV', 'BE34567890', 'BE34 5678 9012 3456 78', 'Warehouse'),
(8, 'Leuven Cargo NV', 'BE45678901', 'BE45 6789 0123 4567 89', 'Store'),
(9, 'Prague Cargo s.r.o.', 'CZ12345678', 'CZ12 3456 7890 1234 5678', 'Warehouse'),
(10, 'Brno Logistics s.r.o.', 'CZ23456789', 'CZ23 4567 8901 2345 6789', 'Factory'),
(11, 'Copenhagen Logistics ApS', 'DK12345678', 'DK12 3456 7890 1234 5678', 'Warehouse'),
(12, 'Copenhagen 2 Cargo ApS', 'DK34567812', 'DK34 5678 9012 3456 78', 'Warehouse'),
(13, 'Aarhus Logistics ApS', 'DK45678912', 'DK45 6789 1234 5678 12', 'Store'),
(14, 'Copenhagen 3 Storage ApS', 'DK67890123', 'DK67 8901 2345 6789 01', 'Warehouse'),
(15, 'Aarhus  Logistics ApS', 'DK78901234', 'DK78 9012 3456 7890 12', 'Distribution Center'),
(16, 'Tallinn Pallet OÜ', 'EE12345678', 'EE12 3456 7890 1234 5678', 'Distribution Center'),
(17, 'Helsinki Storage Oy', 'FI12345678', 'FI12 3456 7890 1234 5678', 'Cold Storage'),
(18, 'Helsinki 2 Logistics Oy', 'FI34567812', 'FI34 5678 9012 3456 78', 'Warehouse'),
(19, 'Turku Pallet Oy', 'FI45678912', 'FI45 6789 1234 5678 12', 'Distribution Center'),
(20, 'Helsinki 3 Storage Oy', 'FI67890123', 'FI67 8901 2345 6789 01', 'Warehouse'),
(21, 'Turku  Pallet Oy', 'FI78901234', 'FI78 9012 3456 7890 12', 'Distribution Center'),
(22, 'Lyon EuroLogistics SAS', 'FR12345987', 'FR12 3459 8765 4321 9876 54', 'Warehouse'),
(23, 'Paris Storage SAS', 'FR23456789', 'FR23 4567 8901 2345 6789 01', 'Warehouse'),
(24, 'Nice Storage SAS', 'FR34567812', 'FR34 5678 9012 3456 78', 'Cold Storage'),
(25, 'Marseille Pallet SAS', 'FR45678912', 'FR45 6789 1234 5678 12', 'Factory'),
(26, 'Bordeaux Storage SAS', 'FR67890123', 'FR67 8901 2345 6789 01', 'Warehouse'),
(27, 'Lille Cargo SAS', 'FR78901234', 'FR78 9012 3456 7890 12', 'Cold Storage'),
(28, 'Munich Transport AG', 'DE12398765', 'DE12 3456 7890 1234 5678 90', 'Factory'),
(29, 'Frankfurt Pallet Co.', 'DE98765432', 'DE98 7654 3210 9876 5432 10', 'Logistics Hub'),
(30, 'Hamburg Cargo GmbH', 'DE23456789', 'DE23 4567 8901 2345 6789 01', 'Factory'),
(31, 'Berlin Distribution AG', 'DE34567890', 'DE34 5678 9012 3456 7890 12', 'Logistics Hub'),
(32, 'Hannover Logistics GmbH', 'DE45678901', 'DE45 6789 0123 4567 8901 23', 'Factory'),
(33, 'Cologne Storage GmbH', 'DE56789012', 'DE56 7890 1234 5678 9012 34', 'Cold Storage'),
(34, 'Rosenheim Cargo GmbH', 'DE67890123', 'DE67 8901 2345 6789 01', 'Warehouse'),
(35, 'Budapest Logistics Kft.', 'HU12345678', 'HU12 3456 7890 1234 5678 9012', 'Warehouse'),
(36, 'Debrecen Logistics Kft.', 'HU34567812', 'HU34 5678 9012 3456 78', 'Warehouse'),
(37, 'Szeged Cargo Kft.', 'HU45678912', 'HU45 6789 1234 5678 12', 'Distribution Center'),
(38, 'Pecs Pallet Kft.', 'HU56789012', 'HU56 7890 1234 5678 12', 'Warehouse'),
(39, 'Gyor Storage Kft.', 'HU67890123', 'HU67 8901 2345 6789 01', 'Cold Storage'),
(40, 'Miskolc Logistics Kft.', 'HU78901234', 'HU78 9012 3456 7890 12', 'Factory'),
(41, 'Nyiregyhaza Cargo Kft.', 'HU89012345', 'HU89 0123 4567 8901 23', 'Warehouse'),
(42, 'Kecskemet Pallet Kft.', 'HU90123456', 'HU90 1234 5678 9012 34', 'Distribution Center'),
(43, 'Szekesfehervar Storage Kft.', 'HU01234567', 'HU01 2345 6789 0123 45', 'Warehouse'),
(44, 'Eger Cargo Kft.', 'HU12345012', 'HU12 3450 1234 5678 90', 'Warehouse'),
(45, 'Szombathely Logistics Kft.', 'HU23450123', 'HU23 4501 2345 6789 01', 'Store'),
(46, 'Veszprem Cargo Kft.', 'HU34501234', 'HU34 5012 3456 7890 12', 'Distribution Center'),
(47, 'Zalaegerszeg Pallet Kft.', 'HU45012345', 'HU45 0123 4567 8901 23', 'Warehouse'),
(48, 'Sopron Storage Kft.', 'HU50123456', 'HU50 1234 5678 9012 34', 'Cold Storage'),
(49, 'Kaposvar Logistics Kft.', 'HU51234567', 'HU51 2345 6789 0123 45', 'Warehouse'),
(50, 'Tatabanya Cargo Kft.', 'HU52345678', 'HU52 3456 7890 1234 56', 'Factory'),
(51, 'Bekescsaba Pallet Kft.', 'HU53456789', 'HU53 4567 8901 2345 67', 'Warehouse'),
(52, 'Szolnok Storage Kft.', 'HU54567890', 'HU54 5678 9012 3456 78', 'Warehouse'),
(53, 'Dunaujvaros Logistics Kft.', 'HU55678901', 'HU55 6789 0123 4567 89', 'Distribution Center'),
(54, 'Erd Cargo Kft.', 'HU56789012', 'HU56 7890 1234 5678 90', 'Warehouse'),
(55, 'Szigetszentmiklos Pallet Kft.', 'HU57890123', 'HU57 8901 2345 6789 01', 'Warehouse'),
(56, 'Vac Storage Kft.', 'HU58901234', 'HU58 9012 3456 7890 12', 'Cold Storage'),
(57, 'Godollo Logistics Kft.', 'HU59012345', 'HU59 0123 4567 8901 23', 'Factory'),
(58, 'Mosonmagyarovar Cargo Kft.', 'HU60123456', 'HU60 1234 5678 9012 34', 'Warehouse'),
(59, 'Balatonfured Pallet Kft.', 'HU61234567', 'HU61 2345 6789 0123 45', 'Distribution Center'),
(60, 'Hajduszoboszlo Storage Kft.', 'HU62345678', 'HU62 3456 7890 1234 56', 'Warehouse'),
(61, 'Dublin Pallet Services Ltd.', 'IE12345678', 'IE12 3456 7890 1234 5678', 'Warehouse'),
(62, 'Dublin  Pallet Services Ltd.', 'IE34567812', 'IE34 5678 9012 3456 78', 'Factory'),
(63, 'Cork Cargo Ltd.', 'IE45678912', 'IE45 6789 1234 5678 12', 'Warehouse'),
(64, 'Dublin  Pallet Services Ltd.', 'IE67890123', 'IE67 8901 2345 6789 01', 'Factory'),
(65, 'Cork  Cargo Ltd.', 'IE78901234', 'IE78 9012 3456 7890 12', 'Warehouse'),
(66, 'Milan Cargo SRL', 'IT12349876', 'IT12 3498 7654 3210 9876 54', 'Factory'),
(67, 'Naples Pallet SRL', 'IT23456789', 'IT23 4567 8901 2345 6789 01', 'Factory'),
(68, 'Bologna Cargo SRL', 'IT34561234', 'IT34 5612 3456 7890 12', 'Factory'),
(69, 'Turin Cargo SRL', 'IT45678901', 'IT45 6789 0123 4567 8901 23', 'Warehouse'),
(70, 'Florence Pallet SRL', 'IT56789012', 'IT56 7890 1234 5678 9012 34', 'Store'),
(71, 'Genoa Logistics SRL', 'IT67890123', 'IT67 8901 2345 6789 01', 'Warehouse'),
(72, 'Bari Pallet SRL', 'IT78901234', 'IT78 9012 3456 7890 12', 'Factory'),
(73, 'Riga Cargo SIA', 'LV12345678', 'LV12 3456 7890 1234 5678', 'Warehouse'),
(74, 'Vilnius Logistics UAB', 'LT12345678', 'LT12 3456 7890 1234 5678', 'Factory'),
(75, 'Amsterdam Cargo BV', 'NL23456789', 'NL12 3456 7890 1234 56', 'Store'),
(76, 'Rotterdam Distribution BV', 'NL34567812', 'NL34 5678 9012 3456 78', 'Warehouse'),
(77, 'Oslo Pallet Center AS', 'NO12345678', 'NO12 3456 7890 1234 5678', 'Distribution Center'),
(78, 'Oslo  Cargo AS', 'NO23456789', 'NO23 4567 8901 2345 6789', 'Distribution Center'),
(79, 'Bergen Pallet AS', 'NO34567812', 'NO34 5678 9012 3456 78', 'Warehouse'),
(80, 'Oslo  Cargo AS', 'NO67890123', 'NO67 8901 2345 6789 01', 'Warehouse'),
(81, 'Trondheim Pallet AS', 'NO78901234', 'NO78 9012 3456 7890 12', 'Factory'),
(82, 'Warsaw Pallet Sp. z o.o.', 'PL12345678', 'PL12 3456 7890 1234 5678', 'Warehouse'),
(83, 'Krakow Storage Sp. z o.o.', 'PL23456789', 'PL23 4567 8901 2345 6789', 'Cold Storage'),
(84, 'Lisbon Distribution LDA', 'PT12345678', 'PT12 3456 7890 1234 5678', 'Store'),
(85, 'Lisbon  Distribution LDA', 'PT34567812', 'PT34 5678 9012 3456 78', 'Factory'),
(86, 'Porto Cargo LDA', 'PT45678912', 'PT45 6789 1234 5678 12', 'Warehouse'),
(87, 'Lisbon  Distribution LDA', 'PT67890123', 'PT67 8901 2345 6789 01', 'Store'),
(88, 'Porto  Cargo LDA', 'PT78901234', 'PT78 9012 3456 7890 12', 'Warehouse'),
(89, 'Bratislava Cargo s.r.o.', 'SK12345678', 'SK12 3456 7890 1234 5678', 'Warehouse'),
(90, 'Kosice Logistics s.r.o.', 'SK23456789', 'SK23 4567 8901 2345 6789', ''),
(91, 'Barcelona Pallet Hub SL', 'ES98761234', 'ES12 9876 1234 5678 90', 'Distribution Center'),
(92, 'Madrid Cargo SL', 'ES23456789', 'ES23 4567 8901 2345 6789 01', 'Warehouse'),
(93, 'Valencia Logistics SL', 'ES34561278', 'ES34 5612 7890 1234 5678', 'Distribution Center'),
(94, 'Seville Cargo SL', 'ES45671234', 'ES45 6712 3456 7890 12', 'Warehouse'),
(95, 'Malaga Cargo SL', 'ES67890123', 'ES67 8901 2345 6789 01', 'Warehouse'),
(96, 'Valencia  Distribution SL', 'ES78901234', 'ES78 9012 3456 7890 12', 'Distribution Center'),
(97, 'Stockholm Freight AB', 'SE12345678', 'SE12 3456 7890 1234 5678', 'Warehouse'),
(98, 'Gothenburg Logistics AB', 'SE23459876', 'SE23 4598 7612 3456 78', 'Warehouse'),
(99, 'Malmo Pallet AB', 'SE34567812', 'SE34 5678 9012 3456 78', 'Distribution Center'),
(100, 'Stockholm  Freight AB', 'SE34567812', 'SE34 5678 9012 3456 78', 'Distribution Center'),
(101, 'Gothenburg  Cargo AB', 'SE45678912', 'SE45 6789 1234 5678 12', 'Warehouse'),
(102, 'Stockholm  Freight AB', 'SE67890123', 'SE67 8901 2345 6789 01', 'Warehouse'),
(103, 'Gothenburg  Cargo AB', 'SE78901234', 'SE78 9012 3456 7890 12', 'Warehouse'),
(104, 'Zurich Storage AG', 'CH12345698', 'CH12 3456 7890 1234 5698', 'Cold Storage'),
(105, 'Zurich  Cargo AG', 'CH34567812', 'CH34 5678 9012 3456 78', 'Warehouse'),
(106, 'Geneva Storage AG', 'CH45678912', 'CH45 6789 1234 5678 12', 'Cold Storage'),
(107, 'London Logistics Ltd.', 'UK12345678', 'GB12 3456 7890 1234 5678', 'Store'),
(108, 'Edinburgh Cargo Ltd.', 'UK23456789', 'GB23 4567 8901 2345 6789 01', 'Warehouse'),
(109, 'London  Logistics Ltd.', 'UK34567812', 'GB34 5678 9012 3456 78', 'Distribution Center'),
(110, 'Manchester Cargo Ltd.', 'UK45678912', 'GB45 6789 1234 5678 12', 'Warehouse'),
(111, 'Edinburgh  Logistics Ltd.', 'UK67890123', 'GB67 8901 2345 6789 01', 'Distribution Center'),
(112, 'Glasgow Cargo Ltd.', 'UK78901234', 'GB78 9012 3456 7890 12', 'Warehouse');




INSERT INTO Freight (Truck_ID, Trailer_ID)
VALUES
(1, 1),
(2, 2),
(3, 3),
(4, 4),
(5, 5),
(6, 6),
(7, 7),
(8, 8),
(9, 9),
(10, 10),
(1, 1),
(2, 2),
(3, 3),
(4, 4),
(5, 5),
(6, 6),
(7, 7),
(8, 8),
(9, 9),
(10, 10),
(1, 1),
(2, 2),
(3, 3),
(4, 4),
(5, 5),
(6, 6),
(7, 7),
(8, 8),
(9, 9),
(10, 10),
(1, 1),
(2, 2),
(3, 3),
(4, 4),
(5, 5),
(6, 6),
(7, 7),
(8, 8),
(9, 9),
(10, 10),
(1, 1),
(2, 2),
(3, 3),
(4, 4),
(5, 5),
(6, 6),
(7, 7),
(8, 8),
(9, 9),
(10, 10),
(1, 1),
(2, 2),
(3, 3),
(4, 4),
(5, 5),
(6, 6),
(7, 7),
(8, 8),
(9, 9),
(10, 10),
(1, 1),
(2, 2),
(3, 3),
(4, 4),
(5, 5),
(6, 6),
(7, 7),
(8, 8),
(9, 9),
(10, 10),
(1, 1),
(2, 2),
(3, 3),
(4, 4),
(5, 5),
(6, 6),
(7, 7),
(8, 8),
(9, 9),
(10, 10),
(1, 1),
(2, 2),
(3, 3),
(4, 4),
(5, 5),
(6, 6),
(7, 7),
(8, 8),
(9, 9),
(10, 10),
(1, 1),
(2, 2),
(3, 3),
(4, 4),
(5, 5),
(6, 6),
(7, 7),
(8, 8),
(9, 9),
(10, 10);

INSERT INTO Shipment (Freight_ID, Freight_Type, Order_Number, Reference_Number, Shipment_Name, Quantity, Packaging_Type, Shipment_Weight, Shipment_Status, Loading_Date, Loading_Address_ID, Unloading_Date, Unloading_Location_ID)
VALUES
(1, 'LTL','15754','TR4534', 'Electronics',25, 'Pallet',12000,'Unloaded','2025-01-02',35,'2025-01-08',92),
(1, 'LTL','N56453','', 'Textiles',50, 'Boxes',5000,'Unloaded','2025-01-02',60,'2025-01-08',93),
(2, 'FTL','','', 'Furniture',20, 'Crates',15000,'Unloaded','2025-01-02',36,'2025-01-10',84),
(3, 'LTL','HJ7865','', 'Food Products',20, 'Pallet',8000,'Unloaded','2025-01-02',37,'2025-01-07',100),
(3, 'LTL','','', 'Regular commercial goods',12, 'Pallet',8000,'Unloaded','2025-01-02',38,'2025-01-05',101),
(4, 'FTL','','', 'Furniture',10, 'Pallet',9000,'Unloaded','2025-01-02',39,'2025-01-05',66),
(5, 'FTL','','L994428', 'Machinery',20, 'Crates',10000,'Unloaded','2025-01-02',40,'2025-01-08',70),
(6, 'FTL','','', 'Automotive Parts',20, 'Crates',15000,'Unloaded','2025-01-02',41,'2025-01-09',21),
(7, 'LTL','456632','', 'Electronics',30, 'Pallet',12000,'Unloaded','2025-01-02',42,'2025-01-07',23),
(7, 'LTL','','', 'Textiles',15, 'Boxes',6000,'Unloaded','2025-01-02',43,'2025-01-08',24),
(8, 'FTL','','', 'Furniture',25, 'Crates',18000,'Unloaded','2025-01-02',44,'2025-01-06',10),
(9, 'LTL','F118459','', 'Electronics',50, 'Pallet',10000,'Unloaded','2025-01-02',45,'2025-01-10',87),
(9, 'LTL','','', 'Beverages',30, 'Crates',5000,'Unloaded','2025-01-02',46,'2025-01-10',84),
(10, 'FTL','','', 'Regular commercial goods',15, 'Pallet',9000,'Unloaded','2025-01-02',47,'2025-01-08',96),
(10, 'FTL','604234','', 'Machinery',10, 'Crates',8000,'Unloaded','2025-01-02',48,'2025-01-06',97),
(11,'LTL','','', 'Machinery',20, 'Pallet',11000,'Unloaded','2025-01-09',92,'2025-01-15',43),
(11,'LTL','','G6293', 'Electronics',500, 'Boxes',5800,'Unloaded','2025-01-10',93,'2025-01-16',44),
(12, 'FTL','775F2','', 'Textiles',20, 'Crates',22000,'Unloaded','2025-01-11',84,'2025-01-20',45),
(13, 'FTL','GH9322','', 'Furniture',29, 'Pallet',21022,'Unloaded','2025-01-08',100,'2025-01-13',46),
(14,'LTL','','', 'Food Products',17, 'Pallet',14500,'Unloaded','2025-01-07',101,'2025-01-11',47),
(14,'LTL','','', 'Regular commercial goods',10, 'Pallet',6347,'Unloaded','2025-01-07',66,'2025-01-12',48),
(15, 'FTL','PO6654','', 'Furniture',35, 'Crates',13271,'Unloaded','2025-01-09',70,'2025-01-12',37),
(16, 'FTL','','', 'Machinery',35, 'Crates',22000,'Unloaded','2025-01-10',21,'2025-01-15',38),
(17, 'FTL','','', 'Automotive Parts',30, 'Pallet',23000,'Unloaded','2025-01-09',23,'2025-01-15',39),
(18,'LTL','L434471','', 'Electronics',420, 'Boxes',14000,'Unloaded','2025-01-07',24,'2025-01-16',40),
(18,'LTL','','T5262', 'Textiles',70, 'Crates',2180,'Unloaded','2025-01-08',10,'2025-01-11',41),
(19,'LTL','PO8921','', 'Furniture',14, 'Pallet',6740,'Unloaded','2025-01-11',87,'2025-01-17',42),
(19,'LTL','','', 'Electronics',20, 'Crates',22500,'Unloaded','2025-01-11',84,'2025-01-18',38),
(19,'LTL','23932','', 'Beverages',26, 'Pallet',19870,'Unloaded','2025-01-12',96,'2025-01-18',39),
(20, 'FTL','','', 'Regular commercial goods',60, 'Crates',22119,'Unloaded','2025-01-08',97,'2025-01-13',40),
(21, 'FTL','','', 'Machinery',33, 'Pallet',21050,'Unloaded','2025-02-02',49,'2025-02-05',31),
(22,'LTL','','', 'Machinery',120, 'Boxes',14200,'Unloaded','2025-02-03',50,'2025-02-06',32),
(22,'LTL','34T567','', 'Electronics',12, 'Crates',4500,'Unloaded','2025-02-03',60,'2025-02-06',34),
(23, 'FTL','','', 'Textiles',33, 'Pallet',22000,'Unloaded','2025-02-02',52,'2025-02-06',66),
(24, 'FTL','','', 'Furniture',33, 'Pallet',22400,'Unloaded','2025-02-05',53,'2025-02-10',67),
(25,'LTL','24472','4692', 'Food Products',12, 'Pallet',6120,'Unloaded','2025-02-11',54,'2025-02-15',80),
(25,'LTL','','', 'Regular commercial goods',40, 'Crates',3700,'Unloaded','2025-02-12',55,'2025-02-16',81),
(26,'LTL','','', 'Furniture',30, 'Crates',2400,'Unloaded','2025-02-07',56,'2025-02-14',93),
(26,'LTL','KL911769','', 'Machinery',14, 'Pallet',1600,'Unloaded','2025-02-07',57,'2025-02-14',96),
(26,'LTL','','', 'Automotive Parts',500, 'Boxes',300,'Unloaded','2025-02-08',58,'2025-02-15',95),
(27, 'FTL','PO44511','2673', 'Electronics',20, 'Crates',17400,'Unloaded','2025-02-09',59,'2025-02-19',107),
(28,'LTL','','', 'Textiles',10, 'Pallet',100,'Unloaded','2025-02-14',60,'2025-02-20',22),
(28,'LTL','H5623','', 'Furniture',12, 'Crates',3450,'Unloaded','2025-02-14',60,'2025-02-20',23),
(28,'LTL','','', 'Electronics',6, 'Pallet',2900,'Unloaded','2025-02-15',35,'2025-02-21',24),
(28,'LTL','98332','', 'Beverages',20, 'Crates',1450,'Unloaded','2025-02-15',59,'2025-02-21',25),
(29,'LTL','','', 'Regular commercial goods',4, 'Pallet',2790,'Unloaded','2025-02-19',58,'2025-02-23',9),
(30,'LTL','','', 'Machinery',500, 'Boxes',6000,'Unloaded','2025-02-23',56,'2025-02-28',1),
(30,'LTL','','', 'Machinery',10, 'Crates',1100,'Unloaded','2025-02-23',37,'2025-02-27',2),
(30,'LTL','','115987', 'Electronics',3, 'Pallet',2390,'Unloaded','2025-02-24',35,'2025-02-26',3),
(31, 'FTL','PO5481','', 'Textiles',33, 'Pallet',18500,'Unloaded','2025-02-07',31,'2025-02-08',43),
(32, 'FTL','','', 'Furniture',33, 'Pallet',19520,'Unloaded','2025-02-07',32,'2025-02-11',44),
(33, 'FTL','112957','', 'Food Products',60, 'Crates',20100,'Unloaded','2025-02-08',66,'2025-02-12',45),
(34, 'FTL','','', 'Regular commercial goods',44, 'Crates',22000,'Unloaded','2025-02-12',67,'2025-02-18',46),
(35, 'FTL','','', 'Furniture',30, 'Pallet',22000,'Unloaded','2025-02-16',80,'2025-02-23',47),
(36, 'FTL','','1113759', 'Machinery',650, 'Boxes',22000,'Unloaded','2025-02-17',93,'2025-02-22',48),
(37, 'FTL','5671','', 'Automotive Parts',31, 'Crates',19000,'Unloaded','2025-02-22',95,'2025-02-27',37),
(38, 'FTL','','', 'Electronics',25, 'Pallet',18000,'Unloaded','2025-02-23',107,'2025-03-02',38),
(39,'LTL','4729','', 'Textiles',20, 'Crates',1450,'Unloaded','2025-02-25',24,'2025-03-01',39),
(39,'LTL','','', 'Furniture',4, 'Pallet',16000,'Unloaded','2025-02-26',23,'2025-03-03',40),
(40, 'FTL','498211','', 'Electronics',36, 'Crates',22000,'Unloaded','2025-02-28',3,'2025-03-08',48),
(41, 'FTL','','', 'Beverages',30, 'Pallet',20000,'Unloaded','2025-03-09',35,'2025-03-15',22),
(42,'LTL','49981','1664', 'Regular commercial goods',240, 'Boxes',11000,'Unloaded','2025-03-10',39,'2025-03-12',31),
(42,'LTL','','', 'Machinery',6, 'Crates',2500,'Unloaded','2025-03-11',41,'2025-03-14',30),
(43, 'FTL','','', 'Machinery',28, 'Pallet',19400,'Unloaded','2025-03-17',45,'2025-03-22',92),
(44,'LTL','','', 'Electronics',4, 'Pallet',4620,'Unloaded','2025-03-18',41,'2025-03-24',84),
(44,'LTL','2344T','', 'Textiles',14, 'Pallet',10000,'Unloaded','2025-03-19',48,'2025-03-25',85),
(45, 'FTL','','', 'Furniture',40, 'Crates',22000,'Unloaded','2025-03-14',50,'2025-03-24',107),
(46,'LTL','PO116334','', 'Food Products',30, 'Crates',400,'Unloaded','2025-03-18',36,'2025-03-24',22),
(46,'LTL','','667251', 'Regular commercial goods',10, 'Pallet',1200,'Unloaded','2025-03-19',67,'2025-03-23',24),
(47,'LTL','','', 'Furniture',236, 'Boxes',3500,'Unloaded','2025-03-23',36,'2025-03-28',87),
(47,'LTL','KH1123','', 'Machinery',20, 'Crates',6200,'Unloaded','2025-03-15',39,'2025-03-22',86),
(48, 'FTL','','', 'Automotive Parts',28, 'Pallet',9000,'Unloaded','2025-03-24',38,'2025-03-29',67),
(49, 'FTL','','', 'Electronics',20, 'Crates',7410,'Unloaded','2025-03-20',40,'2025-03-24',68),
(50, 'FTL','','', 'Textiles',24, 'Pallet',9800,'Unloaded','2025-03-11',52,'2025-03-12',90),
(51, 'FTL','','', 'Furniture',38, 'Crates',22000,'Unloaded','2025-04-02',22,'2025-04-07',36),
(52, 'FTL','G57233','', 'Electronics',33, 'Pallet',14000,'Unloaded','2025-04-05',32,'2025-04-07',39),
(53, 'FTL','','H63922', 'Beverages',200, 'Boxes',19000,'Unloaded','2025-04-09',93,'2025-04-14',47),
(54, 'FTL','PO998253','', 'Regular commercial goods',20, 'Crates',20000,'Unloaded','2025-04-16',85,'2025-04-21',46),
(55, 'FTL','','', 'Machinery',18, 'Pallet',12000,'Unloaded','2025-04-17',85,'2025-04-22',44),
(56, 'FTL','','', 'Machinery',18, 'Pallet',19000,'Unloaded','2025-04-16',22,'2025-04-21',42),
(57, 'FTL','326471','', 'Electronics',16, 'Pallet',22000,'Unloaded','2025-04-18',85,'2025-04-22',37),
(58, 'FTL','','', 'Textiles',34, 'Crates',21000,'Unloaded','2025-04-21',86,'2025-04-26',51),
(59, 'FTL','','', 'Furniture',36, 'Crates',23500,'Unloaded','2025-04-22',69,'2025-04-27',55),
(60, 'FTL','1129332','', 'Food Products',24, 'Pallet',20000,'Unloaded','2025-04-25',91,'2025-04-30',38),
(61, 'FTL','','', 'Regular commercial goods',450, 'Boxes',22000,'Unloaded','2025-05-02',60,'2025-05-07',22),
(62, 'FTL','','1199375', 'Furniture',20, 'Crates',14000,'Unloaded','2025-05-04',36,'2025-05-09',34),
(63, 'FTL','PO112376','', 'Machinery',32, 'Pallet',17000,'Unloaded','2025-05-03',37,'2025-05-08',91),
(64, 'FTL','','', 'Automotive Parts',20, 'Crates',12500,'Unloaded','2025-05-01',38,'2025-05-06',93),
(65, 'FTL','','', 'Electronics',20, 'Pallet',16320,'Unloaded','2025-05-02',39,'2025-05-05',95),
(66, 'FTL','','1125934', 'Textiles',34, 'Crates',17000,'Unloaded','2025-05-14',40,'2025-05-22',84),
(67,'LTL','FE348','', 'Furniture',39, 'Crates',4500,'Unloaded','2025-05-17',41,'2025-05-20',66),
(67,'LTL','','', 'Electronics',2, 'Pallet',200,'Unloaded','2025-05-18',42,'2025-05-21',67),
(67,'LTL','','', 'Beverages',36, 'Crates',7450,'Unloaded','2025-05-19',43,'2025-05-22',68),
(67,'LTL','PO112293','', 'Regular commercial goods',14, 'Pallet',5000,'Unloaded','2025-05-16',44,'2025-05-23',69),
(68,'LTL','','H66489', 'Machinery',20, 'Crates',16000,'Unloaded','2025-05-21',45,'2025-05-25',97),
(68,'LTL','VH67112','', 'Machinery',5, 'Pallet',2000,'Unloaded','2025-05-21',46,'2025-05-23',98),
(69,'LTL','','', 'Electronics',100, 'Boxes',500,'Unloaded','2025-05-22',47,'2025-05-24',30),
(69,'LTL','','', 'Textiles',20, 'Crates',3640,'Unloaded','2025-05-20',48,'2025-05-22',31),
(69,'LTL','G5284','11249', 'Furniture',2, 'Pallet',2000,'Unloaded','2025-05-22',50,'2025-05-27',32),
(70, 'FTL','','', 'Food Products',23, 'Pallet',22000,'Unloaded','2025-05-19',36,'2025-05-24',66),
(71, 'FTL','G9986','', 'Regular commercial goods',20, 'Pallet',21000,'Unloaded','2025-06-01',22,'2025-06-06',35),
(72, 'FTL','','', 'Furniture',16, 'Crates',14000,'Unloaded','2025-06-04',34,'2025-06-07',60),
(73,'LTL','PO11274','', 'Machinery',8, 'Pallet',7420,'Unloaded','2025-06-07',91,'2025-06-14',36),
(73,'LTL','99167','G885', 'Automotive Parts',40, 'Crates',7920,'Unloaded','2025-06-02',92,'2025-06-07',37),
(74,'LTL','','', 'Electronics',2, 'Pallet',200,'Unloaded','2025-06-03',93,'2025-06-09',38),
(74,'LTL','9453','', 'Textiles',20, 'Crates',800,'Unloaded','2025-06-04',94,'2025-06-10',39),
(75, 'FTL','','', 'Furniture',23, 'Pallet',22000,'Unloaded','2025-06-07',95,'2025-06-13',40),
(76,'LTL','','', 'Electronics',140, 'Boxes',14000,'Unloaded','2025-06-09',84,'2025-06-16',41),
(76,'LTL','7321','B672', 'Beverages',10, 'Crates',2000,'Unloaded','2025-06-09',85,'2025-06-17',42),
(77, 'FTL','','', 'Regular commercial goods',26, 'Pallet',22000,'Unloaded','2025-06-15',66,'2025-06-17',43),
(78, 'FTL','','', 'Machinery',18, 'Pallet',11000,'Unloaded','2025-06-17',99,'2025-06-22',44),
(79, 'FTL','9989','', 'Machinery',29, 'Pallet',20000,'Unloaded','2025-06-19',98,'2025-06-21',45),
(80, 'FTL','9969','', 'Electronics',32, 'Pallet',14000,'Unloaded','2025-06-22',43,'2025-06-24',67),
(81,'LTL','9945','', 'Textiles',800, 'Boxes',6500,'Unloaded','2025-07-02',44,'2025-07-05',28),
(81,'LTL','','', 'Furniture',10, 'Crates',4000,'Unloaded','2025-07-03',45,'2025-07-07',29),
(82, 'FTL','','', 'Food Products',19, 'Pallet',15000,'Unloaded','2025-07-05',46,'2025-07-08',30),
(83, 'FTL','','FG422', 'Regular commercial goods',26, 'Pallet',19000,'Unloaded','2025-07-06',47,'2025-07-11',25),
(84, 'FTL','','', 'Furniture',29, 'Pallet',22500,'Unloaded','2025-07-08',48,'2025-07-15',26),
(85, 'FTL','','', 'Machinery',34, 'Crates',6000,'Unloaded','2025-07-11',37,'2025-07-17',97),
(86, 'FTL','','', 'Automotive Parts',65, 'Crates',19000,'Unloaded','2025-07-14',38,'2025-07-16',98),
(87, 'FTL','','F5344', 'Electronics',23, 'Pallet',19700,'Unloaded','2025-07-13',39,'2025-07-20',84),
(88,'LTL','PO4447','', 'Textiles',20, 'Boxes',500,'Unloaded','2025-07-18',40,'2025-07-22',67),
(88,'LTL','','', 'Furniture',25, 'Crates',6400,'Unloaded','2025-07-19',41,'2025-07-24',68),
(88,'LTL','HJ6437','', 'Electronics',4, 'Pallet',3000,'Unloaded','2025-07-19',42,'2025-07-25',69),
(89, 'FTL','','', 'Beverages',50, 'Crates',20000,'Unloaded','2025-07-23',38,'2025-07-29',70),
(90, 'FTL','','', 'Regular commercial goods',25, 'Pallet',18900,'Unloaded','2025-07-25',36,'2025-07-30',43),
(91, 'FTL','','', 'Machinery',36, 'Crates',22500,'Unloaded','2025-08-03',28,'2025-08-06',44),
(92,'LTL','76F3','', 'Machinery',2, 'Pallet',1450,'Unloaded','2025-08-09',30,'2025-08-13',45),
(92,'LTL','','', 'Electronics',30, 'Boxes',6200,'Unloaded','2025-08-07',31,'2025-08-11',46),
(92,'LTL','','', 'Textiles',4, 'Crates',5000,'Unloaded','2025-08-08',32,'2025-08-12',47),
(93, 'FTL','VH77839','', 'Furniture',29, 'Pallet',22000,'Unloaded','2025-08-23',26,'2025-08-29',48),
(94, 'FTL','','', 'Food Products',27, 'Pallet',19000,'Unloaded','2025-08-14',25,'2025-08-21',37),
(95,'LTL','','', 'Regular commercial goods',20, 'Pallet',17450,'Unloaded','2025-08-11',98,'2025-08-14',38),
(95,'LTL','VH9327','', 'Furniture',4, 'Crates',200,'Unloaded','2025-09-01',97,'2025-09-06',39),
(96,'LTL','','', 'Machinery',5, 'Crates',3900,'Unloaded','2025-09-05',99,'2025-09-10',40),
(96,'LTL','','', 'Automotive Parts',7, 'Pallet',6800,'Unloaded','2025-09-14',101,'2025-09-19',41),
(97, 'FTL','','', 'Electronics',560, 'Boxes',5400,'Unloaded','2025-09-18',84,'2025-09-24',42),
(98, 'FTL','PO112588','', 'Textiles',16, 'Crates',16000,'Loaded','2025-09-22',69,'2025-09-27',38),
(99, 'FTL','','', 'Furniture',25, 'Pallet',22000,'Loaded','2025-09-14',70,'2025-09-22',39),
(100, 'FTL','','X9334', 'Electronics',28, 'Crates',22000,'Loaded','2025-09-24',71,'2025-09-30',40);



INSERT INTO Proceeds (Company_Data_ID, Shipment_ID, Amount, Currency, Payment_Date)
VALUES

(49,1,2400, 'EUR','2025-02-07'),
(52,2,2100, 'EUR','2025-02-07'),
(44,3,5100, 'EUR','2025-02-09'),
(38,4,2000, 'EUR','2025-02-06'),
(59,5,2100, 'EUR','2025-02-04'),
(41,6,1850, 'EUR','2025-02-04'),
(46,7,2050, 'EUR','2025-02-07'),
(55,8,2650, 'EUR','2025-02-08'),
(47,9,2250, 'EUR','2025-02-06'),
(57,10,1000, 'EUR','2025-02-07'),
(35,11,1300, 'EUR','2025-02-05'),
(53,12,2400, 'EUR','2025-02-09'),
(60,13,2650, 'EUR','2025-02-09'),
(56,14,2100, 'EUR','2025-02-07'),
(39,15,3000, 'EUR','2025-02-05'),
(43,16,2400, 'EUR','2025-02-14'),
(51,17,2100, 'EUR','2025-02-15'),
(37,18,4800, 'EUR','2025-02-19'),
(46,19,2300, 'EUR','2025-02-12'),
(54,20,2100, 'EUR','2025-02-10'),
(48,21,1000, 'EUR','2025-02-11'),
(35,22,2400, 'EUR','2025-02-11'),
(45,23,2650, 'EUR','2025-02-14'),
(59,24,2150, 'EUR','2025-02-14'),
(42,25,1050, 'EUR','2025-02-15'),
(50,26,1300, 'EUR','2025-02-10'),
(58,27,1400, 'EUR','2025-02-16'),
(40,28,900, 'EUR','2025-02-17'),
(60,29,1900, 'EUR','2025-02-17'),
(53,30,3000, 'EUR','2025-02-12'),
(38,31,1500, 'EUR','2025-03-07'),
(36,32,1650, 'EUR','2025-03-08'),
(49,33,1300, 'EUR','2025-03-08'),
(44,34,1860, 'EUR','2025-03-08'),
(41,35,2130, 'EUR','2025-03-12'),
(52,36,2400, 'EUR','2025-03-17'),
(55,37,1400, 'EUR','2025-03-18'),
(43,38,2100, 'EUR','2025-03-16'),
(37,39,2100, 'EUR','2025-03-16'),
(54,40,2400, 'EUR','2025-03-17'),
(47,41,5200, 'EUR','2025-03-21'),
(59,42,1300, 'EUR','2025-03-22'),
(39,43,1400, 'EUR','2025-03-22'),
(45,44,1100, 'EUR','2025-03-23'),
(50,45,1500, 'EUR','2025-03-23'),
(35,46,750, 'EUR','2025-03-25'),
(58,47,850, 'EUR','2025-03-30'),
(56,48,900, 'EUR','2025-03-29'),
(40,49,700, 'EUR','2025-03-28'),
(60,50,1350, 'EUR','2025-03-10'),
(46,51,2230, 'EUR','2025-03-13'),
(55,52,1300, 'EUR','2025-03-14'),
(47,53,1400, 'EUR','2025-03-20'),
(57,54,2640, 'EUR','2025-03-25'),
(35,55,3200, 'EUR','2025-03-24'),
(53,56,3150, 'EUR','2025-03-29'),
(60,57,5200, 'EUR','2025-04-01'),
(56,58,2500, 'EUR','2025-03-31'),
(39,59,1200, 'EUR','2025-04-02'),
(43,60,1250, 'EUR','2025-04-07'),
(51,61,2200, 'EUR','2025-04-14'),
(37,62,1400, 'EUR','2025-04-11'),
(46,63,1620, 'EUR','2025-04-13'),
(54,64,2500, 'EUR','2025-04-21'),
(48,65,1500, 'EUR','2025-04-23'),
(35,66,2130, 'EUR','2025-04-24'),
(45,67,5300, 'EUR','2025-04-23'),
(59,68,2250, 'EUR','2025-04-23'),
(42,69,1000, 'EUR','2025-04-22'),
(50,70,2210, 'EUR','2025-04-27'),
(58,71,1400, 'EUR','2025-04-21'),
(40,72,1650, 'EUR','2025-04-28'),
(60,73,1440, 'EUR','2025-04-23'),
(53,74,770, 'EUR','2025-04-11'),
(38,75,2200, 'EUR','2025-05-07'),
(36,76,1200, 'EUR','2025-05-07'),
(44,77,2300, 'EUR','2025-05-14'),
(41,78,3620, 'EUR','2025-05-21'),
(52,79,3580, 'EUR','2025-05-22'),
(55,80,2410, 'EUR','2025-05-21'),
(43,81,4200, 'EUR','2025-05-22'),
(37,82,4300, 'EUR','2025-05-26'),
(54,83,2000, 'EUR','2025-05-27'),
(47,84,3700, 'EUR','2025-05-30'),
(59,85,2200, 'EUR','2025-06-06'),
(39,86,1400, 'EUR','2025-06-08'),
(45,87,3200, 'EUR','2025-06-07'),
(50,88,3300, 'EUR','2025-06-05'),
(35,89,3250, 'EUR','2025-06-04'),
(58,90,3870, 'EUR','2025-06-21'),
(56,91,1400, 'EUR','2025-06-19'),
(40,92,1600, 'EUR','2025-06-20'),
(60,93,1500, 'EUR','2025-06-21'),
(46,94,1200, 'EUR','2025-06-22'),
(55,95,2400, 'EUR','2025-06-24'),
(47,96,2200, 'EUR','2025-06-22'),
(57,97,1400, 'EUR','2025-06-23'),
(35,98,1350, 'EUR','2025-06-21'),
(53,99,450, 'EUR','2025-06-26'),
(60,100,1400, 'EUR','2025-06-23'),
(49,101,2100, 'EUR','2025-07-06'),
(52,102,2200, 'EUR','2025-07-07'),
(44,103,1600, 'EUR','2025-07-14'),
(38,104,1500, 'EUR','2025-07-07'),
(59,105,700, 'EUR','2025-07-09'),
(41,106,2300, 'EUR','2025-07-10'),
(46,107,3400, 'EUR','2025-07-13'),
(55,108,3000, 'EUR','2025-07-16'),
(47,109,800, 'EUR','2025-07-17'),
(57,110,1400, 'EUR','2025-07-17'),
(35,111,2400, 'EUR','2025-07-22'),
(53,112,2600, 'EUR','2025-07-21'),
(60,113,1750, 'EUR','2025-07-24'),
(56,114,1400, 'EUR','2025-08-04'),
(39,115,1500, 'EUR','2025-08-06'),
(43,116,1350, 'EUR','2025-08-07'),
(51,117,2400, 'EUR','2025-08-10'),
(37,118,2560, 'EUR','2025-08-14'),
(46,119,2600, 'EUR','2025-08-16'),
(54,120,2570, 'EUR','2025-08-15'),
(48,121,3800, 'EUR','2025-08-19'),
(35,122,1000, 'EUR','2025-08-21'),
(45,123,900, 'EUR','2025-08-23'),
(59,124,1400, 'EUR','2025-08-24'),
(42,125,2600, 'EUR','2025-08-28'),
(50,126,350, 'EUR','2025-08-29'),
(58,127,1460, 'EUR','2025-09-05'),
(40,128,1700, 'EUR','2025-09-12'),
(60,129,1500, 'EUR','2025-09-10'),
(53,130,1600, 'EUR','2025-09-11'),
(38,131,2400, 'EUR','2025-09-28'),
(36,132,2600, 'EUR','2025-09-20'),
(49,133,2600, 'EUR','2025-09-13'),
(44,134,2700, 'EUR','2025-10-06'),
(41,135,1400, 'EUR','2025-10-10'),
(35,136,1300, 'EUR','2025-10-19'),
(45,137,3400, 'EUR','2025-10-24'),
(59,138,2800, 'EUR','2025-10-27'),
(42,139,2600, 'EUR','2025-10-22'),
(50,140,1400, 'EUR','2025-10-30');



INSERT INTO Costs (Remarks, Invoice_Number, Amount, Currency, Payment_Date, Company_Data_ID)
VALUES
('Fuel', 'INV20250101', 12000.00, 'EUR', '2025-01-05', 1),
('Office supplies', 'INV20250102', 350.00, 'EUR', '2025-01-10', 1),
('Service', 'INV20250103', 1800.00, 'EUR', '2025-01-12', 1),
('Service', 'INV20250104', 1600.00, 'EUR', '2025-01-18', 1),
('Service', 'INV20250105', 1500.00, 'EUR', '2025-01-25', 1),
('Toll fee', 'INV20250106', 5000.00, 'EUR', '2025-01-20', 1),
('Fuel', 'INV20250201', 14000.00, 'EUR', '2025-02-03', 1),
('Office supplies', 'INV20250202', 250.00, 'EUR', '2025-02-08', 1),
('Service', 'INV20250203', 2000.00, 'EUR', '2025-02-11', 1),
('Service', 'INV20250204', 1500.00, 'EUR', '2025-02-15', 1),
('Service', 'INV20250205', 1200.00, 'EUR', '2025-02-23', 1),
('Toll fee', 'INV20250206', 4500.00, 'EUR', '2025-02-20', 1),
('Fuel', 'INV20250301', 13000.00, 'EUR', '2025-03-02', 1),
('Office supplies', 'INV20250302', 400.00, 'EUR', '2025-03-09', 1),
('Service', 'INV20250303', 1800.00, 'EUR', '2025-03-10', 1),
('Service', 'INV20250304', 1700.00, 'EUR', '2025-03-18', 1),
('Service', 'INV20250305', 1500.00, 'EUR', '2025-03-25', 1),
('Toll fee', 'INV20250306', 5100.00, 'EUR', '2025-03-22', 1),
('Fuel', 'INV20250401', 12500.00, 'EUR', '2025-04-04', 1),
('Office supplies', 'INV20250402', 300.00, 'EUR', '2025-04-12', 1),
('Service', 'INV20250403', 2000.00, 'EUR', '2025-04-06', 1),
('Service', 'INV20250404', 1600.00, 'EUR', '2025-04-15', 1),
('Service', 'INV20250405', 1300.00, 'EUR', '2025-04-28', 1),
('Toll fee', 'INV20250406', 4800.00, 'EUR', '2025-04-20', 1),
('Fuel', 'INV20250501', 13500.00, 'EUR', '2025-05-03', 1),
('Office supplies', 'INV20250502', 380.00, 'EUR', '2025-05-10', 1),
('Service', 'INV20250503', 1700.00, 'EUR', '2025-05-05', 1),
('Service', 'INV20250504', 1500.00, 'EUR', '2025-05-12', 1),
('Service', 'INV20250505', 1400.00, 'EUR', '2025-05-20', 1),
('Toll fee', 'INV20250506', 5200.00, 'EUR', '2025-05-18', 1),
('Insurance', 'INV20250507', 25000.00, 'EUR', '2025-05-15', 1),
('Fuel', 'INV20250601', 14500.00, 'EUR', '2025-06-02', 1),
('Office supplies', 'INV20250602', 300.00, 'EUR', '2025-06-09', 1),
('Service', 'INV20250603', 1800.00, 'EUR', '2025-06-10', 1),
('Service', 'INV20250604', 1700.00, 'EUR', '2025-06-15', 1),
('Service', 'INV20250605', 1500.00, 'EUR', '2025-06-25', 1),
('Toll fee', 'INV20250606', 5000.00, 'EUR', '2025-06-20', 1),
('Fuel', 'INV20250701', 13800.00, 'EUR', '2025-07-03', 1),
('Office supplies', 'INV20250702', 350.00, 'EUR', '2025-07-10', 1),
('Service', 'INV20250703', 1600.00, 'EUR', '2025-07-05', 1),
('Service', 'INV20250704', 1700.00, 'EUR', '2025-07-15', 1),
('Service', 'INV20250705', 1500.00, 'EUR', '2025-07-25', 1),
('Toll fee', 'INV20250706', 5100.00, 'EUR', '2025-07-20', 1),
('Fuel', 'INV20250801', 14200.00, 'EUR', '2025-08-04', 1),
('Office supplies', 'INV20250802', 400.00, 'EUR', '2025-08-12', 1),
('Service', 'INV20250803', 1800.00, 'EUR', '2025-08-06', 1),
('Service', 'INV20250804', 1600.00, 'EUR', '2025-08-15', 1),
('Service', 'INV20250805', 1500.00, 'EUR', '2025-08-28', 1),
('Toll fee', 'INV20250806', 4900.00, 'EUR', '2025-08-20', 1),
('Fuel', 'INV20250901', 13500.00, 'EUR', '2025-09-03', 1),
('Office supplies', 'INV20250902', 380.00, 'EUR', '2025-09-10', 1),
('Service', 'INV20250903', 1700.00, 'EUR', '2025-09-05', 1),
('Service', 'INV20250904', 1500.00, 'EUR', '2025-09-15', 1),
('Service', 'INV20250905', 1400.00, 'EUR', '2025-09-25', 1),
('Toll fee', 'INV20250906', 5200.00, 'EUR', '2025-09-20', 1),
('Fuel', 'INV20251001', 14000.00, 'EUR', '2025-10-03', 1),
('Office supplies', 'INV20251002', 350.00, 'EUR', '2025-10-04', 1),
('Service', 'INV20251003', 1600.00, 'EUR', '2025-10-01', 1),
('Service', 'INV20251004', 1500.00, 'EUR', '2025-10-03', 1),
('Service', 'INV20251005', 1200.00, 'EUR', '2025-10-05', 1),
('Toll fee', 'INV20251006', 5000.00, 'EUR', '2025-10-03', 1);



